{"options":{"check_for_updates":true,"comment":null,"compatopts_for_requires":true,"compat_wrappedjsobject":false,"compat_metadata":false,"compat_foreach":false,"compat_powerful_this":null,"sandbox":null,"noframes":null,"unwrap":null,"run_at":null,"tab_types":null,"override":{"use_includes":[],"orig_includes":["https://store.steampowered.com/curator/*"],"merge_includes":true,"use_matches":[],"orig_matches":[],"merge_matches":true,"use_excludes":[],"orig_excludes":[],"merge_excludes":true,"use_connects":[],"orig_connects":[],"merge_connects":true,"use_blockers":[],"orig_run_at":"document-idle","orig_noframes":null}},"settings":{"enabled":true,"position":12},"meta":{"name":"Curator_Tools","uuid":"b65e1350-7b4f-40c6-a1d1-90b913bf7b05","modified":1696071310120,"file_url":"https://greasyfork.org/scripts/462062-curator-tools/code/%E9%89%B4%E8%B5%8F%E5%AE%B6%E5%B0%8F%E5%B7%A5%E5%85%B7.user.js"}}