{"ts":1697518281861,"data":{"config":"o{\"player\": \"potplayer\",\"mpv\": {\"path\": \"\",\"regVersion\": \"\"},\"potplayer\": {\"path\": \"\",\"regVersion\": \"\"},\"proxy\": \"\",\"bestQuality\": \"2160p\",\"bilibiliCodecs\": 12,\"playAuto\": 0,\"closeAuto\": 0,\"syncStartTime\": 0,\"subtitlePrefer\": \"zh-Hans\",\"customplayer\": {\"name\": \"customplayer\",\"path\": \"\",\"params\": {\"videoUrl\": \"iina://weblink?url=${EvideoUrl}\",\"audioUrl\": \"\",\"subtitleUrl\": \"\",\"title\": \"\",\"startTime\": \"\",\"referer\": \"\",\"origin\": \"&mpv_http-header-fields=origin%3A%20${Eorigin}\",\"proxy\": \"\",\"other\": \"\"}},\"transform\": {\"xOffset\": 0,\"yOffset\": 0},\"version\": \"20230922\"}"}}