{"options":{"check_for_updates":true,"comment":null,"compatopts_for_requires":true,"compat_wrappedjsobject":false,"compat_metadata":false,"compat_foreach":false,"compat_powerful_this":null,"sandbox":null,"noframes":null,"unwrap":null,"run_at":null,"tab_types":null,"override":{"use_includes":[],"orig_includes":["*://*.libvio.*","*://www.*dm.com/play/*","*://*alist*","*://*:5244*","*://*dsh*.com/*","https://vip.sp-flv.com:*?url=*"],"merge_includes":true,"use_matches":[],"orig_matches":["https://www.bilibili.com/bangumi/play/*","https://www.bilibili.com/video/*","https://www.bilibili.com/festival/*","https://www.bilibili.com/list/*","https://live.bilibili.com/*","https://www.ixigua.com/*","https://yun.nxflv.com/?url=*","https://ddys.art/*","https://ddys.pro/*","https://*.chinaeast2.cloudapp.chinacloudapi.cn/*?url=*","https://*.cfnode1.xyz/*?url=*","https://www.nivod.tv/*","https://www.pkmkv.com/py/*","https://www.pkmkv.com/addons/dplayer/?url=*","https://www.btnull.org/py/*","https://www.btnull.to/py/*","https://www.btnull.nu/py/*","https://www.btnull.in/py/*","*://www.dmlaa.com/play/*","*://www.qdmsh.com/play/*","*://www.ntdm8.com/play/*","https://danmu.yhdmjx.com/*?url=*","https://dick.xfani.com/watch/*","https://dick.xfani.com/addons/dp/player/*","https://player.moedot.net/player/*","https://m3.moedot.net/muiplayer/?url=*","https://www.mgnacg.com/bangumi/*","https://play.mknacg.top:8585/*","https://www.omofun.top/index.php/vod/play/id/*","https://*.omofun.top/?url=*","https://spdcat.net/vodplay/*","https://spdcat.net/addons/dp/player/*","http://www.dm88.me/player/*","https://jianghu.live2008.com/*?url=*","https://www.kk151.com/play/*","https://jx.m3u8.tv/jiexi/?url=*","https://jx.wolongzywcdn.com:65/m3u8.php?url=*","https://www.m3u8.tv.cdn.8old.cn/jx.php?url=*","https://jx.wujinkk.com/dplayer/?url=*","https://www.ikdmjx.com/?url=*","https://hls.kuaibofang.com/?url=*","https://jx.jxbdzyw.com/m3u8/?url=*","https://hdzyk.com/?m=*","https://1080zyk1.com/?m=*","https://1080zyk2.com/?m=*","https://1080zyk3.com/?m=*","https://1080zyk4.com/?m=*","https://1080zyk5.com/?m=*","https://vip.zykbf.com/?url=*","https://*.yzzy-tv1.com/*","https://*.yzzy-tv-cdn.com/*","https://www.bdys10.com/*","https://www.haitu.tv/*","*://*/*.mp4","*://*/*.mkv","*://*/*.flv","https://www.dora-family.com/Resource:TV","https://www.olehdtv.com/*","*://tkznp.com/vodplay/*","*://www.tkznp.com/vodplay/*","*://www.tkznp1.com/vodplay/*","*://www.tkznp2.com/vodplay/*","*://www.tkznp3.com/vodplay/*","*://www.tkznp4.com/vodplay/*","*://www.tkznp5.com/vodplay/*","*://www.tkznp6.com/vodplay/*","https://vip.ckllk.com/?url=*","https://www.anfuns.cc/play/*","https://www.anfuns.cc/vapi/*","https://www.youtube.com/*","https://odysee.com/*","https://rumble.com/*","https://www.bitchute.com/*","https://ani.gamer.com.tw/animeVideo.php?sn=*","https://hanime1.me/watch?v=*","https://jable.tv/videos/*","https://ok.ru/*","https://tver.jp/*","https://www.lckp.top/play-with-mpv/index.html","https://www.douyin.com/","https://www.douyin.com/video/*","https://www.douyin.com/discover?modal_id=*","https://www.mengfan.tv/play/*","https://video1.beijcloud.com/player/?url=*","https://www.tucao.cam/play/*","https://mypikpak.com/drive/*","https://www.icourse163.org/learn/*","https://www.iole.tv/*","https://www.zhihu.com/zvideo/*","*://www.susudm8.com/*","*://susudyy.com/*","*://buding3.com/*","*://buding6.com/*","*://v2.shenjw.com:*/wap.php?url=*","*://u88.xigua88ok.com:*/wap.php?url=*","*://test3.gqyy8.com:*/f/aliplayer.php?url=*","*://v.mksec.cn/*","https://tgbook.coolkv.com/*play*","https://www.twitch.tv/*","https://jiohub.top/watch/*","https://www.agemys.org/play/*","https://anime.girigirilove.com/*"],"merge_matches":true,"use_excludes":[],"orig_excludes":[],"merge_excludes":true,"use_connects":[],"orig_connects":["api.bilibili.com","api.live.bilibili.com"],"merge_connects":true,"use_blockers":[],"orig_run_at":"document-end","orig_noframes":null}},"settings":{"enabled":false,"position":15},"meta":{"name":"Play-With-MPV","uuid":"6539501a-195f-4cf2-aadf-d35081c449a4","modified":1697181407982,"file_url":"https://greasyfork.org/scripts/444056-play-with-mpv/code/Play-With-MPV.user.js"}}