{"options":{"check_for_updates":false,"comment":null,"compatopts_for_requires":true,"compat_wrappedjsobject":false,"compat_metadata":false,"compat_foreach":false,"compat_powerful_this":null,"sandbox":null,"noframes":null,"unwrap":null,"run_at":null,"tab_types":null,"override":{"use_includes":[],"orig_includes":[],"merge_includes":true,"use_matches":[],"orig_matches":["https://store.steampowered.com/*","https://steamcommunity.com/*"],"merge_matches":true,"use_excludes":["/^https:\\/\\/store\\.steampowered\\.com(:[0-9]{1,5})?\\/app\\/.*;https:\\/\\/steamcommunity\\.com\\/.*$/"],"orig_excludes":[],"merge_excludes":true,"use_connects":[],"orig_connects":[],"merge_connects":true,"use_blockers":[],"orig_run_at":"document-idle","orig_noframes":null}},"settings":{"enabled":true,"position":11},"meta":{"name":"steam url","uuid":"225633bd-b583-4765-a937-512f5f8df8e7","modified":1695988903417}}