{"options":{"check_for_updates":false,"comment":"","compatopts_for_requires":true,"compat_wrappedjsobject":false,"compat_metadata":false,"compat_foreach":false,"compat_powerful_this":null,"sandbox":null,"noframes":null,"unwrap":null,"run_at":null,"tab_types":null,"override":{"use_includes":[],"orig_includes":["http://www.pogdesign.co.uk/*","https://www.pogdesign.co.uk/*"],"merge_includes":true,"use_matches":[],"orig_matches":[],"merge_matches":true,"use_excludes":[],"orig_excludes":[],"merge_excludes":true,"use_connects":[],"orig_connects":[],"merge_connects":true,"use_blockers":[],"orig_run_at":"document-start","orig_noframes":null}},"settings":{"enabled":true,"position":1},"meta":{"name":"自定预加载JS库","uuid":"5f450c00-4675-451f-95a6-f96b37d738c5","modified":1697517221666,"file_url":"https://greasyfork.org/scripts/17881-%E8%87%AA%E5%AE%9A%E9%A2%84%E5%8A%A0%E8%BD%BDjs%E5%BA%93/code/%E8%87%AA%E5%AE%9A%E9%A2%84%E5%8A%A0%E8%BD%BDJS%E5%BA%93.user.js"}}