{"ts":1697517011891,"data":{"version":"s1.0","setting":"s{}","$$":"s{\"www.pogdesign.co.uk\":true}","$0//www.pogdesign.co.uk":"s{\"active\":true,\"protocol\":\"http:https:\",\"xq-seq\":[4,2,1],\"nickname\":null}","$1//www.pogdesign.co.uk":"s{\"match-seq\":[0],\"wildcard-list\":[\"/*\"]}","$1//www.pogdesign.co.uk/*":"s{\"xq-seq\":[0,1,2,3,4,5,6],\"js-list\":[\"//ajax.useso.com/ajax/libs/jquery/3.7.1/jquery.min.js\",\"http://cdn.staticfile.org/jquery/3.7.1/jquery.min.js\",\"//ajax.useso.com/ajax/libs/jquery/3.7.1/jquery.min.js\",\"//ajax.useso.com/ajax/libs/jquery/3.7.1/jquery.min.js\",\"http://cdn.staticfile.org/jquery/3.7.1/jquery.min.js\",\"cdn.staticfile.org/jquery/3.7.1/jquery.min.js\",\"//cdn.staticfile.org/jquery/3.7.1/jquery.min.js\"]}","@0set":"s{}"}}