{"options":{"check_for_updates":true,"comment":null,"compatopts_for_requires":true,"compat_wrappedjsobject":false,"compat_metadata":false,"compat_foreach":false,"compat_powerful_this":null,"sandbox":null,"noframes":null,"unwrap":null,"run_at":null,"tab_types":null,"override":{"use_includes":[],"orig_includes":["/https?:\\/\\/live\\.bilibili\\.com\\/(blanc\\/)?\\d+\\??.*/"],"merge_includes":true,"use_matches":[],"orig_matches":[],"merge_matches":true,"use_excludes":[],"orig_excludes":[],"merge_excludes":true,"use_connects":[],"orig_connects":[],"merge_connects":true,"use_blockers":[],"orig_run_at":"document-idle","orig_noframes":null}},"settings":{"enabled":true,"position":7},"meta":{"name":"高能榜显示总人数","uuid":"8cad6a34-f265-423a-ae6e-cc7583d56ce5","modified":1695988903414,"file_url":"https://greasyfork.org/scripts/435942-%E9%AB%98%E8%83%BD%E6%A6%9C%E6%98%BE%E7%A4%BA%E6%80%BB%E4%BA%BA%E6%95%B0/code/%E9%AB%98%E8%83%BD%E6%A6%9C%E6%98%BE%E7%A4%BA%E6%80%BB%E4%BA%BA%E6%95%B0.user.js"}}